t,lx,ly,rx,ry,px,py,pz,qx,qy,qz,qw
0.000000,-0.021971,0.011743,-0.028474,0.025308,-0.006904,-0.006112,0.007077,-0.024400,0.014019,-0.011693,-0.999536
0.009000,-0.022057,0.011934,-0.028531,0.025529,-0.006916,-0.006134,0.007102,-0.024484,0.013989,-0.011761,-0.999533
0.017000,-0.022112,0.012034,-0.028555,0.025674,-0.006926,-0.006138,0.007105,-0.024495,0.013966,-0.011815,-0.999533
0.027000,-0.022220,0.012175,-0.028638,0.025833,-0.006907,-0.006159,0.007130,-0.024582,0.013919,-0.011788,-0.999531
0.034000,-0.022283,0.012256,-0.028675,0.025891,-0.006898,-0.006169,0.007142,-0.024622,0.013894,-0.011777,-0.999531
0.042000,-0.022540,0.012630,-0.028795,0.026184,-0.006890,-0.006182,0.007157,-0.024671,0.013855,-0.011784,-0.999530
0.050000,-0.022540,0.012630,-0.028795,0.026184,-0.006893,-0.006177,0.007151,-0.024651,0.013816,-0.011829,-0.999531
0.059000,-0.022867,0.012823,-0.029019,0.026312,-0.006875,-0.006170,0.007144,-0.024624,0.013764,-0.011811,-0.999532
0.067000,-0.022867,0.012823,-0.029019,0.026312,-0.006861,-0.006164,0.007138,-0.024601,0.013730,-0.011792,-0.999534
0.075000,-0.023101,0.012716,-0.029217,0.026235,-0.006851,-0.006143,0.007115,-0.024520,0.013690,-0.011792,-0.999536
0.084000,-0.023101,0.012716,-0.029217,0.026235,-0.006833,-0.006133,0.007104,-0.024482,0.013661,-0.011755,-0.999538
0.092000,-0.023354,0.012577,-0.029490,0.026292,-0.006832,-0.006117,0.007086,-0.024418,0.013625,-0.011782,-0.999540
0.100000,-0.023354,0.012577,-0.029490,0.026292,-0.006815,-0.006109,0.007079,-0.024391,0.013603,-0.011743,-0.999541
0.109000,-0.023627,0.012732,-0.029652,0.026394,-0.006795,-0.006104,0.007074,-0.024371,0.013564,-0.011706,-0.999542
0.117000,-0.023627,0.012732,-0.029652,0.026394,-0.006768,-0.006115,0.007087,-0.024416,0.013525,-0.011648,-0.999543
0.126000,-0.023872,0.013077,-0.029876,0.026848,-0.006732,-0.006121,0.007097,-0.024447,0.013503,-0.011542,-0.999543
0.134000,-0.024296,0.013815,-0.029982,0.027072,-0.006707,-0.006116,0.007092,-0.024429,0.013491,-0.011468,-0.999545
0.142000,-0.024546,0.014359,-0.030031,0.027348,-0.006690,-0.006108,0.007084,-0.024402,0.013488,-0.011414,-0.999546
0.150000,-0.024530,0.014790,-0.030021,0.027759,-0.006683,-0.006112,0.007089,-0.024418,0.013507,-0.011375,-0.999546
0.159000,-0.024530,0.014790,-0.030021,0.027759,-0.006668,-0.006110,0.007088,-0.024413,0.013539,-0.011294,-0.999547
0.167000,-0.024507,0.015122,-0.029948,0.028255,-0.006663,-0.006115,0.007093,-0.024432,0.013560,-0.011262,-0.999546
0.175000,-0.024547,0.015558,-0.029921,0.028769,-0.006650,-0.006109,0.007087,-0.024412,0.013593,-0.011188,-0.999547
0.184000,-0.024587,0.015903,-0.029929,0.029005,-0.006639,-0.006099,0.007077,-0.024374,0.013609,-0.011139,-0.999548
0.192000,-0.024690,0.016287,-0.029958,0.029089,-0.006636,-0.006085,0.007061,-0.024321,0.013609,-0.011129,-0.999550
0.200000,-0.024750,0.016797,-0.030006,0.029291,-0.006623,-0.006084,0.007060,-0.024316,0.013597,-0.011094,-0.999550
0.209000,-0.024766,0.016989,-0.030032,0.029521,-0.006601,-0.006091,0.007070,-0.024349,0.013587,-0.011028,-0.999550
0.217000,-0.024787,0.017756,-0.030056,0.029982,-0.006581,-0.006124,0.007108,-0.024480,0.013587,-0.010960,-0.999548
0.226000,-0.024790,0.018082,-0.030045,0.030351,-0.006563,-0.006165,0.007156,-0.024645,0.013589,-0.010894,-0.999545
0.234000,-0.024794,0.018800,-0.030096,0.031432,-0.006570,-0.006217,0.007214,-0.024847,0.013585,-0.010920,-0.999539
0.242000,-0.024762,0.019454,-0.030161,0.032357,-0.006578,-0.006255,0.007256,-0.024995,0.013581,-0.010951,-0.999535
0.251000,-0.024548,0.021039,-0.030197,0.033422,-0.006602,-0.006299,0.007304,-0.025162,0.013569,-0.011043,-0.999530
0.259000,-0.024566,0.021523,-0.030246,0.034059,-0.006603,-0.006321,0.007329,-0.025250,0.013556,-0.011056,-0.999528
0.267000,-0.024371,0.022336,-0.030329,0.034371,-0.006605,-0.006312,0.007318,-0.025212,0.013537,-0.011079,-0.999529
0.276000,-0.024371,0.022336,-0.030329,0.034371,-0.006590,-0.006310,0.007317,-0.025207,0.013526,-0.011037,-0.999530
0.284000,-0.024432,0.022052,-0.030400,0.034148,-0.006567,-0.006273,0.007277,-0.025067,0.013519,-0.010966,-0.999534
0.292000,-0.024432,0.022052,-0.030400,0.034148,-0.006570,-0.006253,0.007254,-0.024985,0.013522,-0.010972,-0.999536
0.300000,-0.024373,0.021798,-0.030392,0.033857,-0.006589,-0.006224,0.007221,-0.024872,0.013534,-0.011028,-0.999538
0.309000,-0.024373,0.021798,-0.030392,0.033857,-0.006599,-0.006191,0.007183,-0.024740,0.013553,-0.011049,-0.999541
0.317000,-0.024316,0.021537,-0.030350,0.033643,-0.006608,-0.006169,0.007157,-0.024652,0.013586,-0.011052,-0.999543
0.325000,-0.024316,0.021537,-0.030350,0.033643,-0.006618,-0.006145,0.007130,-0.024559,0.013615,-0.011062,-0.999545
0.334000,-0.024155,0.021172,-0.030223,0.033296,-0.006658,-0.006147,0.007129,-0.024560,0.013662,-0.011158,-0.999543
0.342000,-0.024039,0.021155,-0.030120,0.033307,-0.006679,-0.006140,0.007120,-0.024531,0.013698,-0.011199,-0.999542
0.350000,-0.023987,0.021074,-0.030075,0.033233,-0.006704,-0.006128,0.007106,-0.024482,0.013735,-0.011252,-0.999543
0.359000,-0.023886,0.021232,-0.029980,0.033400,-0.006725,-0.006145,0.007124,-0.024548,0.013771,-0.011296,-0.999540
0.367000,-0.023842,0.021225,-0.029949,0.033404,-0.006741,-0.006155,0.007135,-0.024586,0.013794,-0.011330,-0.999538
0.375000,-0.023842,0.021225,-0.029949,0.033404,-0.006763,-0.006169,0.007149,-0.024636,0.013821,-0.011379,-0.999536
0.384000,-0.023731,0.020871,-0.029843,0.033590,-0.006796,-0.006179,0.007158,-0.024671,0.013844,-0.011472,-0.999534
0.392000,-0.023694,0.020589,-0.029806,0.033640,-0.006831,-0.006193,0.007173,-0.024725,0.013857,-0.011582,-0.999531
0.400000,-0.023630,0.020638,-0.029794,0.033767,-0.006838,-0.006202,0.007182,-0.024758,0.013872,-0.011592,-0.999530
0.409000,-0.023368,0.019970,-0.029800,0.033716,-0.006851,-0.006206,0.007186,-0.024772,0.013883,-0.011627,-0.999529
0.417000,-0.023006,0.019332,-0.029805,0.033708,-0.006863,-0.006209,0.007189,-0.024781,0.013876,-0.011674,-0.999528
0.426000,-0.022704,0.018753,-0.029846,0.033701,-0.006893,-0.006208,0.007187,-0.024776,0.013857,-0.011792,-0.999527
0.434000,-0.022496,0.018330,-0.029891,0.033625,-0.006909,-0.006202,0.007179,-0.024748,0.013827,-0.011871,-0.999528
0.442000,-0.022409,0.017923,-0.030090,0.033155,-0.006908,-0.006182,0.007156,-0.024667,0.013788,-0.011902,-0.999530
0.451000,-0.022283,0.017437,-0.030255,0.032701,-0.006895,-0.006172,0.007146,-0.024631,0.013744,-0.011895,-0.999531
0.459000,-0.022215,0.016585,-0.030522,0.031682,-0.006887,-0.006159,0.007131,-0.024577,0.013702,-0.011902,-0.999533
0.467000,-0.022215,0.016585,-0.030522,0.031682,-0.006898,-0.006149,0.007119,-0.024535,0.013654,-0.011979,-0.999534
0.476000,-0.022216,0.015898,-0.030746,0.031361,-0.006889,-0.006148,0.007118,-0.024532,0.013603,-0.011993,-0.999535
0.484000,-0.022216,0.015898,-0.030746,0.031361,-0.006871,-0.006143,0.007114,-0.024514,0.013573,-0.011959,-0.999536
0.492000,-0.022251,0.015423,-0.030923,0.031048,-0.006867,-0.006136,0.007107,-0.024488,0.013533,-0.011977,-0.999537
0.501000,-0.022251,0.015423,-0.030923,0.031048,-0.006849,-0.006129,0.007100,-0.024463,0.013497,-0.011946,-0.999538
0.509000,-0.022377,0.015121,-0.031160,0.030600,-0.006833,-0.006110,0.007079,-0.024388,0.013463,-0.011922,-0.999541
0.517000,-0.022376,0.014679,-0.031151,0.029997,-0.006817,-0.006089,0.007055,-0.024306,0.013440,-0.011887,-0.999544
0.526000,-0.022404,0.014576,-0.031208,0.029761,-0.006815,-0.006076,0.007041,-0.024254,0.013418,-0.011898,-0.999545
0.534000,-0.022464,0.014344,-0.031288,0.029430,-0.006812,-0.006053,0.007015,-0.024163,0.013398,-0.011906,-0.999547
0.542000,-0.022493,0.014299,-0.031241,0.029136,-0.006806,-0.006034,0.006994,-0.024092,0.013383,-0.011898,-0.999549
0.550000,-0.022674,0.013857,-0.031214,0.028333,-0.006786,-0.006011,0.006970,-0.024005,0.013374,-0.011837,-0.999552
0.560000,-0.022898,0.013432,-0.031238,0.028133,-0.006788,-0.005993,0.006948,-0.023930,0.013363,-0.011851,-0.999554
0.568000,-0.023210,0.012906,-0.031230,0.027603,-0.006796,-0.005981,0.006935,-0.023885,0.013348,-0.011893,-0.999555
0.575000,-0.023465,0.012538,-0.031262,0.027491,-0.006796,-0.005971,0.006923,-0.023844,0.013329,-0.011910,-0.999556
0.584000,-0.023722,0.012323,-0.031328,0.027439,-0.006799,-0.005966,0.006918,-0.023823,0.013303,-0.011940,-0.999556
0.592000,-0.023766,0.012253,-0.031356,0.027109,-0.006809,-0.005957,0.006907,-0.023786,0.013279,-0.011995,-0.999557
0.600000,-0.023824,0.012201,-0.031410,0.027022,-0.006809,-0.005941,0.006888,-0.023721,0.013254,-0.012017,-0.999559
0.609000,-0.023861,0.012127,-0.031447,0.026918,-0.006814,-0.005927,0.006872,-0.023664,0.013221,-0.012063,-0.999560
0.617000,-0.023959,0.011944,-0.031515,0.026531,-0.006830,-0.005922,0.006866,-0.023644,0.013186,-0.012145,-0.999560
0.625000,-0.024007,0.011962,-0.031542,0.026333,-0.006824,-0.005919,0.006862,-0.023630,0.013145,-0.012159,-0.999560
0.634000,-0.024120,0.011959,-0.031633,0.026189,-0.006824,-0.005916,0.006860,-0.023618,0.013088,-0.012206,-0.999561
0.642000,-0.024201,0.011957,-0.031697,0.026144,-0.006799,-0.005904,0.006847,-0.023574,0.013046,-0.012157,-0.999563
0.650000,-0.024369,0.011886,-0.031850,0.026059,-0.006799,-0.005903,0.006846,-0.023568,0.012986,-0.012210,-0.999563
0.659000,-0.024369,0.011886,-0.031850,0.026059,-0.006776,-0.005915,0.006861,-0.023617,0.012918,-0.012186,-0.999563
0.667000,-0.024628,0.012089,-0.032112,0.026183,-0.006758,-0.005928,0.006876,-0.023666,0.012850,-0.012181,-0.999563
0.676000,-0.024628,0.012089,-0.032112,0.026183,-0.006717,-0.005933,0.006884,-0.023693,0.012791,-0.012092,-0.999564
0.684000,-0.024807,0.012259,-0.032309,0.026214,-0.006677,-0.005946,0.006901,-0.023748,0.012726,-0.012012,-0.999565
0.692000,-0.024842,0.012337,-0.032373,0.026245,-0.006638,-0.005959,0.006918,-0.023803,0.012678,-0.011919,-0.999565
0.700000,-0.024813,0.012487,-0.032552,0.026346,-0.006583,-0.005968,0.006931,-0.023845,0.012627,-0.011774,-0.999567
0.709000,-0.024813,0.012487,-0.032552,0.026346,-0.006543,-0.005970,0.006936,-0.023858,0.012593,-0.011668,-0.999568
0.717000,-0.024937,0.012553,-0.032701,0.026397,-0.006508,-0.005974,0.006942,-0.023877,0.012553,-0.011582,-0.999569
0.725000,-0.024956,0.012522,-0.032746,0.026356,-0.006469,-0.005979,0.006949,-0.023900,0.012526,-0.011473,-0.999570
0.734000,-0.024960,0.012623,-0.032798,0.026467,-0.006424,-0.005987,0.006961,-0.023938,0.012508,-0.011335,-0.999571
0.742000,-0.024960,0.012623,-0.032798,0.026467,-0.006386,-0.005987,0.006963,-0.023943,0.012498,-0.011212,-0.999572
0.750000,-0.024967,0.012725,-0.032818,0.026620,-0.006365,-0.006007,0.006986,-0.024023,0.012495,-0.011142,-0.999571
0.759000,-0.024919,0.012486,-0.032800,0.026730,-0.006344,-0.005998,0.006978,-0.023993,0.012496,-0.011070,-0.999573
0.767000,-0.024887,0.012488,-0.032771,0.026800,-0.006305,-0.006004,0.006985,-0.024019,0.012507,-0.010929,-0.999574
0.775000,-0.024887,0.012488,-0.032771,0.026800,-0.006305,-0.006005,0.006987,-0.024025,0.012517,-0.010923,-0.999573
0.784000,-0.024663,0.012301,-0.032682,0.026960,-0.006320,-0.005998,0.006978,-0.023993,0.012535,-0.010958,-0.999574
0.792000,-0.024598,0.012254,-0.032645,0.027018,-0.006306,-0.006006,0.006988,-0.024028,0.012553,-0.010893,-0.999573
0.800000,-0.024456,0.012348,-0.032615,0.027209,-0.006317,-0.006015,0.006997,-0.024062,0.012576,-0.010912,-0.999572
0.809000,-0.023826,0.012091,-0.032500,0.027534,-0.006333,-0.006033,0.007017,-0.024132,0.012609,-0.010939,-0.999569
0.817000,-0.023826,0.012091,-0.032500,0.027534,-0.006355,-0.006053,0.007039,-0.024208,0.012637,-0.010989,-0.999567
0.825000,-0.023442,0.011983,-0.032413,0.027849,-0.006378,-0.006068,0.007054,-0.024265,0.012661,-0.011048,-0.999564
0.834000,-0.023442,0.011983,-0.032413,0.027849,-0.006427,-0.006084,0.007070,-0.024322,0.012692,-0.011189,-0.999561
0.842000,-0.022960,0.011723,-0.032323,0.028311,-0.006457,-0.006094,0.007080,-0.024359,0.012706,-0.011278,-0.999559
0.851000,-0.022960,0.011723,-0.032323,0.028311,-0.006492,-0.006119,0.007107,-0.024454,0.012720,-0.011385,-0.999555
0.859000,-0.022734,0.011803,-0.032279,0.028843,-0.006524,-0.006137,0.007125,-0.024518,0.012724,-0.011490,-0.999552
0.867000,-0.022734,0.011803,-0.032279,0.028843,-0.006549,-0.006146,0.007134,-0.024550,0.012727,-0.011572,-0.999551
0.876000,-0.022591,0.011686,-0.032273,0.029157,-0.006578,-0.006159,0.007148,-0.024599,0.012721,-0.011678,-0.999548
0.884000,-0.022591,0.011686,-0.032273,0.029157,-0.006605,-0.006174,0.007164,-0.024655,0.012705,-0.011781,-0.999546
0.892000,-0.022594,0.011611,-0.032321,0.029407,-0.006631,-0.006177,0.007165,-0.024661,0.012688,-0.011884,-0.999545
0.901000,-0.022530,0.011355,-0.032364,0.029560,-0.006650,-0.006190,0.007179,-0.024710,0.012663,-0.011969,-0.999543
0.909000,-0.022562,0.011465,-0.032384,0.029720,-0.006656,-0.006212,0.007203,-0.024793,0.012633,-0.012015,-0.999541
0.917000,-0.022562,0.011465,-0.032384,0.029720,-0.006650,-0.006227,0.007220,-0.024852,0.012606,-0.012018,-0.999539
0.926000,-0.022677,0.011746,-0.032518,0.029989,-0.006666,-0.006246,0.007241,-0.024925,0.012567,-0.012106,-0.999537
0.934000,-0.022775,0.011764,-0.032625,0.029999,-0.006658,-0.006243,0.007239,-0.024915,0.012529,-0.012110,-0.999538
0.942000,-0.022833,0.011761,-0.032689,0.029991,-0.006650,-0.006248,0.007245,-0.024934,0.012486,-0.012118,-0.999538
0.951000,-0.022950,0.011783,-0.032813,0.030009,-0.006639,-0.006242,0.007238,-0.024908,0.012436,-0.012125,-0.999539
0.959000,-0.023003,0.011681,-0.032869,0.029906,-0.006635,-0.006215,0.007208,-0.024803,0.012386,-0.012153,-0.999542
0.967000,-0.023125,0.011472,-0.032994,0.029696,-0.006614,-0.006204,0.007196,-0.024761,0.012352,-0.012111,-0.999544
0.976000,-0.023137,0.011410,-0.033036,0.029675,-0.006593,-0.006201,0.007195,-0.024753,0.012305,-0.012078,-0.999545
0.984000,-0.023225,0.011350,-0.033142,0.029642,-0.006589,-0.006200,0.007194,-0.024749,0.012273,-0.012092,-0.999545
0.992000,-0.023209,0.011241,-0.033188,0.029701,-0.006574,-0.006197,0.007191,-0.024738,0.012237,-0.012071,-0.999546
1.001000,-0.023311,0.011205,-0.033294,0.029667,-0.006556,-0.006196,0.007191,-0.024736,0.012203,-0.012038,-0.999547
1.009000,-0.023311,0.011205,-0.033294,0.029667,-0.006545,-0.006174,0.007166,-0.024648,0.012179,-0.012020,-0.999550
1.017000,-0.023372,0.010958,-0.033375,0.029426,-0.006522,-0.006160,0.007152,-0.024599,0.012170,-0.011951,-0.999552
1.026000,-0.023367,0.010868,-0.033383,0.029351,-0.006510,-0.006151,0.007142,-0.024565,0.012178,-0.011903,-0.999553
1.034000,-0.023291,0.010718,-0.033351,0.029241,-0.006495,-0.006143,0.007134,-0.024537,0.012194,-0.011838,-0.999554
1.042000,-0.023291,0.010718,-0.033351,0.029241,-0.006470,-0.006136,0.007127,-0.024511,0.012211,-0.011738,-0.999556
1.051000,-0.023161,0.010592,-0.033275,0.029221,-0.006445,-0.006142,0.007135,-0.024537,0.012237,-0.011631,-0.999556
1.059000,-0.023161,0.010592,-0.033275,0.029221,-0.006426,-0.006144,0.007139,-0.024551,0.012254,-0.011553,-0.999557
1.067000,-0.023007,0.010480,-0.033222,0.029312,-0.006407,-0.006161,0.007159,-0.024621,0.012266,-0.011478,-0.999556
1.075000,-0.022961,0.010347,-0.033205,0.029420,-0.006419,-0.006153,0.007149,-0.024588,0.012270,-0.011514,-0.999556
1.084000,-0.022929,0.009912,-0.033210,0.029414,-0.006436,-0.006163,0.007160,-0.024624,0.012264,-0.011578,-0.999555
1.092000,-0.022929,0.009912,-0.033210,0.029414,-0.006429,-0.006183,0.007183,-0.024703,0.012255,-0.011562,-0.999553
1.100000,-0.023010,0.010087,-0.033246,0.029808,-0.006433,-0.006221,0.007225,-0.024852,0.012247,-0.011582,-0.999549
1.109000,-0.023057,0.010423,-0.033276,0.030199,-0.006462,-0.006261,0.007268,-0.025002,0.012231,-0.011693,-0.999544
1.117000,-0.023086,0.010625,-0.033294,0.030427,-0.006491,-0.006297,0.007308,-0.025140,0.012212,-0.011806,-0.999540
1.125000,-0.023086,0.010625,-0.033294,0.030427,-0.006517,-0.006330,0.007343,-0.025264,0.012182,-0.011919,-0.999536
1.134000,-0.023252,0.010977,-0.033439,0.030799,-0.006539,-0.006352,0.007368,-0.025350,0.012127,-0.012042,-0.999533
1.142000,-0.023252,0.010977,-0.033439,0.030799,-0.006528,-0.006356,0.007372,-0.025363,0.012081,-0.012045,-0.999533
1.150000,-0.023539,0.010906,-0.033698,0.030748,-0.006494,-0.006341,0.007358,-0.025309,0.012020,-0.011980,-0.999536
1.159000,-0.023683,0.010748,-0.033836,0.030589,-0.006460,-0.006322,0.007338,-0.025237,0.011966,-0.011909,-0.999539
1.167000,-0.023683,0.010748,-0.033836,0.030589,-0.006448,-0.006294,0.007307,-0.025128,0.011937,-0.011892,-0.999542
1.175000,-0.023811,0.010171,-0.033967,0.030081,-0.006423,-0.006261,0.007271,-0.025002,0.011915,-0.011826,-0.999546
1.184000,-0.023827,0.009885,-0.033987,0.029892,-0.006419,-0.006218,0.007223,-0.024834,0.011911,-0.011816,-0.999551
1.192000,-0.023817,0.009590,-0.033987,0.029559,-0.006422,-0.006201,0.007203,-0.024767,0.011921,-0.011819,-0.999552
1.200000,-0.023799,0.009490,-0.033976,0.029444,-0.006433,-0.006176,0.007175,-0.024669,0.011945,-0.011835,-0.999554
1.209000,-0.023738,0.009343,-0.033916,0.029306,-0.006455,-0.006160,0.007155,-0.024602,0.011971,-0.011889,-0.999555
1.217000,-0.023715,0.009065,-0.033897,0.029176,-0.006473,-0.006145,0.007138,-0.024543,0.011996,-0.011929,-0.999556
1.225000,-0.023592,0.008782,-0.033811,0.028936,-0.006492,-0.006127,0.007115,-0.024468,0.012035,-0.011962,-0.999557
1.234000,-0.023433,0.008529,-0.033768,0.028899,-0.006512,-0.006128,0.007116,-0.024473,0.012083,-0.011990,-0.999556
1.242000,-0.023307,0.008485,-0.033650,0.028790,-0.006549,-0.006129,0.007115,-0.024469,0.012117,-0.012086,-0.999554
1.250000,-0.023015,0.008156,-0.033577,0.028800,-0.006597,-0.006135,0.007120,-0.024490,0.012148,-0.012222,-0.999552
1.259000,-0.022454,0.005813,-0.033518,0.028592,-0.006648,-0.006147,0.007130,-0.024529,0.012169,-0.012378,-0.999548
1.267000,-0.022454,0.005813,-0.033518,0.028592,-0.006712,-0.006151,0.007132,-0.024538,0.012180,-0.012586,-0.999545
1.275000,-0.022173,0.004140,-0.033480,0.028585,-0.006755,-0.006160,0.007139,-0.024566,0.012179,-0.012736,-0.999543
1.284000,-0.022070,0.003698,-0.033465,0.028517,-0.006782,-0.006184,0.007165,-0.024656,0.012167,-0.012836,-0.999540
1.292000,-0.022019,0.003465,-0.033457,0.028529,-0.006797,-0.006189,0.007170,-0.024674,0.012138,-0.012912,-0.999538
1.300000,-0.022011,0.003131,-0.033484,0.028422,-0.006815,-0.006198,0.007180,-0.024706,0.012100,-0.013004,-0.999537
1.309000,-0.021957,0.002575,-0.033523,0.028349,-0.006814,-0.006199,0.007180,-0.024706,0.012044,-0.013048,-0.999537
1.317000,-0.021936,0.002183,-0.033582,0.028157,-0.006803,-0.006195,0.007177,-0.024693,0.011981,-0.013064,-0.999538
1.325000,-0.021518,0.000689,-0.033711,0.027815,-0.006779,-0.006189,0.007170,-0.024669,0.011928,-0.013026,-0.999540
1.334000,-0.021448,0.000047,-0.033794,0.027656,-0.006753,-0.006180,0.007163,-0.024639,0.011867,-0.012991,-0.999542
1.342000,-0.021448,0.000047,-0.033794,0.027656,-0.006745,-0.006177,0.007159,-0.024624,0.011819,-0.013004,-0.999542
1.350000,-0.021448,0.000047,-0.033794,0.027656,-0.006728,-0.006190,0.007174,-0.024677,0.011784,-0.012975,-0.999542
1.359000,-0.021604,0.000107,-0.033947,0.027637,-0.006701,-0.006198,0.007186,-0.024714,0.011743,-0.012918,-0.999542
1.367000,-0.021572,-0.000111,-0.034003,0.027628,-0.006682,-0.006192,0.007180,-0.024692,0.011702,-0.012888,-0.999544
1.375000,-0.021313,-0.001028,-0.034044,0.027535,-0.006658,-0.006183,0.007171,-0.024659,0.011654,-0.012846,-0.999545
1.384000,-0.021342,-0.001307,-0.034112,0.027333,-0.006619,-0.006164,0.007151,-0.024589,0.011617,-0.012746,-0.999549
1.392000,-0.021327,-0.001514,-0.034123,0.027202,-0.006600,-0.006149,0.007135,-0.024531,0.011585,-0.012706,-0.999551
1.400000,-0.021180,-0.002030,-0.034179,0.026993,-0.006581,-0.006134,0.007119,-0.024475,0.011564,-0.012660,-0.999553
1.409000,-0.021072,-0.002270,-0.034162,0.026909,-0.006561,-0.006112,0.007095,-0.024389,0.011554,-0.012601,-0.999556
1.417000,-0.020987,-0.002719,-0.034167,0.026581,-0.006538,-0.006090,0.007071,-0.024306,0.011551,-0.012526,-0.999559
1.425000,-0.020882,-0.003021,-0.034154,0.026433,-0.006523,-0.006074,0.007055,-0.024247,0.011555,-0.012470,-0.999561
1.434000,-0.020548,-0.003878,-0.034129,0.026335,-0.006518,-0.006064,0.007043,-0.024206,0.011560,-0.012448,-0.999563
1.442000,-0.020505,-0.004057,-0.034120,0.026229,-0.006501,-0.006051,0.007029,-0.024158,0.011561,-0.012392,-0.999565
1.450000,-0.020475,-0.004162,-0.034105,0.026182,-0.006513,-0.006051,0.007029,-0.024158,0.011567,-0.012426,-0.999564
1.459000,-0.020441,-0.004243,-0.034096,0.026168,-0.006512,-0.006041,0.007017,-0.024117,0.011570,-0.012422,-0.999565
1.467000,-0.020442,-0.004463,-0.034102,0.026034,-0.006514,-0.006036,0.007011,-0.024096,0.011566,-0.012431,-0.999565
1.475000,-0.020406,-0.004676,-0.034106,0.026018,-0.006516,-0.006039,0.007015,-0.024110,0.011557,-0.012446,-0.999565
1.484000,-0.020419,-0.004769,-0.034126,0.025934,-0.006507,-0.006023,0.006998,-0.024049,0.011543,-0.012425,-0.999567
1.492000,-0.020419,-0.004769,-0.034126,0.025934,-0.006505,-0.006017,0.006991,-0.024024,0.011526,-0.012434,-0.999568
1.500000,-0.020463,-0.004876,-0.034172,0.025824,-0.006495,-0.006024,0.006999,-0.024053,0.011507,-0.012416,-0.999567
1.509000,-0.020463,-0.004876,-0.034172,0.025824,-0.006489,-0.006024,0.007000,-0.024054,0.011489,-0.012409,-0.999568
1.517000,-0.020538,-0.004824,-0.034251,0.025876,-0.006474,-0.006021,0.006996,-0.024041,0.011464,-0.012381,-0.999569
1.525000,-0.020582,-0.004794,-0.034300,0.025870,-0.006468,-0.006031,0.007008,-0.024082,0.011439,-0.012381,-0.999568
1.534000,-0.020666,-0.004689,-0.034379,0.025993,-0.006435,-0.006030,0.007009,-0.024081,0.011404,-0.012299,-0.999569
1.542000,-0.020711,-0.004670,-0.034419,0.026011,-0.006405,-0.006033,0.007014,-0.024098,0.011387,-0.012212,-0.999570
1.550000,-0.020756,-0.004497,-0.034449,0.026125,-0.006387,-0.006051,0.007035,-0.024170,0.011361,-0.012169,-0.999569
1.559000,-0.020842,-0.004216,-0.034517,0.026252,-0.006378,-0.006058,0.007044,-0.024199,0.011325,-0.012169,-0.999569
1.567000,-0.021025,-0.003474,-0.034556,0.026388,-0.006370,-0.006077,0.007066,-0.024273,0.011295,-0.012169,-0.999568
1.575000,-0.021178,-0.003025,-0.034633,0.026659,-0.006354,-0.006088,0.007079,-0.024319,0.011257,-0.012146,-0.999567
1.584000,-0.021342,-0.002577,-0.034664,0.026858,-0.006356,-0.006104,0.007097,-0.024379,0.011214,-0.012190,-0.999566
1.592000,-0.021812,-0.001203,-0.034749,0.027049,-0.006333,-0.006109,0.007104,-0.024401,0.011182,-0.012137,-0.999566
1.600000,-0.021966,-0.000792,-0.034766,0.027235,-0.006283,-0.006114,0.007112,-0.024428,0.011159,-0.011989,-0.999567
1.609000,-0.022112,-0.000482,-0.034792,0.027377,-0.006238,-0.006118,0.007119,-0.024449,0.011142,-0.011849,-0.999569
1.617000,-0.022223,-0.000170,-0.034796,0.027531,-0.006195,-0.006122,0.007125,-0.024468,0.011131,-0.011712,-0.999570
1.625000,-0.022394,0.000268,-0.034807,0.027656,-0.006163,-0.006116,0.007120,-0.024450,0.011131,-0.011604,-0.999572
1.634000,-0.022494,0.000503,-0.034788,0.027754,-0.006137,-0.006106,0.007110,-0.024414,0.011143,-0.011502,-0.999574
1.642000,-0.022561,0.000706,-0.034737,0.027823,-0.006121,-0.006110,0.007115,-0.024432,0.011161,-0.011433,-0.999574
1.650000,-0.022620,0.000925,-0.034713,0.028052,-0.006095,-0.006124,0.007133,-0.024492,0.011194,-0.011318,-0.999573
1.659000,-0.022578,0.001313,-0.034579,0.028543,-0.006088,-0.006138,0.007148,-0.024548,0.011231,-0.011262,-0.999572
1.667000,-0.022578,0.001313,-0.034579,0.028543,-0.006093,-0.006165,0.007179,-0.024654,0.011274,-0.011244,-0.999569
1.676000,-0.022473,0.001679,-0.034428,0.028970,-0.006110,-0.006188,0.007204,-0.024744,0.011324,-0.011259,-0.999566
1.684000,-0.022473,0.001679,-0.034428,0.028970,-0.006118,-0.006219,0.007239,-0.024866,0.011364,-0.011253,-0.999563
1.692000,-0.022296,0.002206,-0.034231,0.029630,-0.006150,-0.006245,0.007267,-0.024965,0.011408,-0.011326,-0.999559
1.701000,-0.022296,0.002206,-0.034231,0.029630,-0.006191,-0.006280,0.007304,-0.025096,0.011449,-0.011427,-0.999554
1.709000,-0.022177,0.002529,-0.034094,0.030026,-0.006222,-0.006285,0.007307,-0.025111,0.011481,-0.011507,-0.999552
1.717000,-0.022177,0.002529,-0.034094,0.030026,-0.006275,-0.006295,0.007316,-0.025144,0.011507,-0.011664,-0.999550
1.726000,-0.022066,0.002735,-0.033987,0.030284,-0.006304,-0.006311,0.007333,-0.025204,0.011539,-0.011737,-0.999547
